{"cameraMode":{"drawMode":0,"name":"Shaded","section":"Shading Mode"},"sceneLighting":true,"audioPlay":false,"sceneViewState":{"showFog":true,"showMaterialUpdate":false,"showSkybox":true,"showFlares":true,"showImageEffects":true,"showParticleSystems":true,"showVisualEffectGraphs":true,"m_FxEnabled":true},"in2DMode":false,"pivot":{"x":3.7395095825195314,"y":1.2257046699523926,"z":0.10185345262289047},"rotation":{"x":0.03149121627211571,"y":-0.014991989359259606,"z":0.0004723438760265708,"w":0.9993928670883179},"size":6.618505001068115,"orthographic":true}